year,month,bev,phev,hev,ldv
2010,12,19,326,28592,1144840
2011,1,103,321,19540,819938
2011,2,83,281,23306,993535
2011,3,298,608,34533,1246668
2011,4,573,493,25602,1157928
2011,5,1150,481,17419,1061841
2011,6,1708,561,12655,1053414
2011,7,932,125,19621,1059730
2011,8,1363,302,21181,1072379
2011,9,1031,723,17625,1053761
2011,10,866,1108,20057,1021185
2011,11,773,1139,26110,994786
2011,12,1212,1529,31100,1243784
2012,1,824,603,21779,913284
2012,2,639,1023,36222,1149432
2012,3,961,3200,48206,1404623
2012,4,479,3116,39901,1184567
2012,5,612,2766,37184,1334642
2012,6,863,2455,34558,1285499
2012,7,479,2537,31611,1153759
2012,8,866,3878,38369,1285292
2012,9,1306,4503,34836,1188899
2012,10,2240,4994,33290,1092294
2012,11,2614,4544,35002,1143916
2012,12,2704,4965,43690,1356070
2013,1,2372,2354,34611,1043238
2013,2,2666,2789,40173,1192299
2013,3,4553,3079,46327,1453038
2013,4,4403,2735,42804,1285446
2013,5,4545,3209,48796,1443311
2013,6,4573,4169,44924,1403121
2013,7,3943,3499,45494,1313844
2013,8,4956,6407,53020,1501294
2013,9,3650,4477,33576,1137206
2013,10,3733,6367,33570,1206182
2013,11,3930,4903,36085,1243852
2013,12,4770,5020,36155,1358734
2014,1,2971,2934,27555,1011187
2014,2,3324,3721,30561,1192467
2014,3,4578,4594,43790,1537270
2014,4,4187,4718,39430,1391303
2014,5,5802,6651,52227,1609678
2014,6,4982,6511,39225,1421963
2014,7,5693,5740,44488,1435805
2014,8,6483,5920,48208,1586374
2014,9,5983,3357,31385,1245786
2014,10,5927,3735,30892,1281132
2014,11,6176,3609,31109,1302655
2014,12,7419,3867,33302,1507928
2015,1,3977,2113,25312,1152480
2015,2,4435,2589,27038,1258570
2015,3,5715,3020,33654,1545710
2015,4,6037,2962,32379,1455242
2015,5,7057,4416,40257,1634952
2015,6,6975,3409,32330,1476472
2015,7,5143,3836,35666,1510941
2015,8,5224,3786,37633,1577179
2015,9,6704,3038,32106,1442113
2015,10,5740,4081,30485,1455153
2015,11,6103,4275,25153,1318210
2015,12,7954,5483,32387,1641913
2016,1,3576,3137,20967,1148087
2016,2,4424,3909,24371,1343922
2016,3,7115,5319,28756,1595065
2016,4,6266,5842,28988,1506431
2016,5,6526,5619,30573,1535670
2016,6,7678,6113,27681,1512996
2016,7,7762,6525,32633,1521245
2016,8,8601,6372,32206,1511405
2016,9,10032,6037,31286,1434483
2016,10,5408,5943,26484,1370721
2016,11,6266,7858,28497,1378635
2016,12,13077,10211,34507,1688368
2017,1,5398,5669,22630,1142568
2017,2,5846,6247,28355,1333128
2017,3,10171,7384,32012,1554998
2017,4,5961,7300,30949,1426883
2017,5,8038,8645,33729,1519793
2017,6,8814,7787,30073,1474970
2017,7,7802,7407,29050,1416743
2017,8,8850,7668,34850,1484826
2017,9,13421,7719,37319,1525522
2017,10,6792,6665,29451,1356789
2017,11,8435,8408,30075,1399640
2017,12,14959,10289,32187,1605527
2018,1,9154,6241,21718,1151011
2018,2,6653,8783,24609,1293763
2018,3,11060,11601,28165,1647090
2018,4,12794,9931,24827,1353546
2018,5,12232,11403,31602,1586493
2018,6,12997,10485,31038,1543716
2018,7,15387,9269,28203,1362964
2018,8,20222,10132,30182,1482215
2018,9,24163,10777,31985,1432136
2018,10,29937,9937,28614,1360281
2018,11,24089,11580,27453,1382553
2018,12,28374,13744,29753,1617778
2019,1,26942,6010,19153,1133157
2019,2,10644,6610,22730,1251513
2019,3,17281,8074,30926,1598811
2019,4,20113,5908,33082,1326555
2019,5,18012,7949,44162,1581479
2019,6,23421,7999,39247,1509674
2019,7,23559,7197,36341,1396460
2019,8,18864,8433,42830,1638722
2019,9,21812,5816,29848,1267150
2019,10,23072,6388,32457,1333995
2019,11,11421,7733,32962,1403153
2019,12,18681,7674,35706,1512243
2020,1,26391,5104,27166,1136560
2020,2,11151,6111,32309,1350570
2020,3,18234,3481,23591,989954
2020,4,8058,2015,14268,715322
2020,5,8626,3911,27740,1119089
2020,6,16809,4206,41590,1101169
2020,7,23075,5228,43738,1236643
2020,8,17291,6478,42191,1318070
2020,9,28101,6670,43293,1341099
2020,10,29959,7755,47611,1358922
2020,11,22225,7369,47724,1199137
2020,12,28620,10721,63846,1605497
2021,1,25103,7463,46843,1106286
2021,2,26215,9046,54045,1193776
2021,3,40755,12261,78123,1597152
2021,4,33547,18604,76397,1518415
2021,5,29796,20807,82511,1570313
2021,6,45913,16648,65960,1302213
2021,7,42013,15669,74298,1280803
2021,8,35499,14067,67976,1092661
2021,9,42020,12554,60102,1015935
2021,10,42485,18275,63482,1051015
2021,11,46687,14170,59326,1014411
2021,12,49441,16553,69983,1203993
2022,1,42780,11983,63093,991573
2022,2,46859,12563,58175,1045624
2022,3,64160,16200,76683,1257821
2022,4,52537,17875,71849,1236432
2022,5,52502,15263,68737,1108063
2022,6,74262,14838,61039,1143820
2022,7,64310,13932,59229,1126523
2022,8,59836,13797,58869,1134265
2022,9,69811,13415,55892,1124297
2022,10,71739,17603,66661,1181540
2022,11,69924,16183,57086,1135484
2022,12,79262,19759,69099,1268897
2023,1,72944,15593,60069,1046919
2023,2,81158,17789,66320,1138756
2023,3,92077,21397,94289,1374992
2023,4,92880,24165,100528,1357844
2023,5,95898,25125,103832,1363818
2023,6,102525,22560,100762,1368713
2023,7,101234,23194,103757,1299271
2023,8,96091,27497,107325,1318588
2023,9,113383,28807,109228,1340980
2023,10,92478,21778,103699,1198162
2023,11,102323,24530,108549,1235583
2023,12,121647,41143,117098,1458853
2024,1,82336,25086,91929,1070527
2024,2,74141,27167,105933,1228996
2024,3,96743,32728,123870,1432132
2024,4,99313,26263,118822,1317481
2024,5,107423,26777,139053,1431081
2024,6,100242,23635,135609,1308997
2024,7,113327,23172,134073,1285711
2024,8,118961,26413,150630,1412345
2024,9,104977,20789,127486,1171666
2024,10,98289,26264,150683,1331769
2024,11,114564,29743,160025,1373493
2024,12,133103,30687,170935,1494220
2025,1,94035,22160,133489,1106120
2025,2,86040,22804,148162,1215074
2025,3,120820,37376,194998,1593017
2025,4,96348,32865,190169,1463622
2025,5,101750,26900,193411,1461067
2025,6,111577,19507,156246,1272469
2025,7,126356,22998,172269,1389685
2025,8,148234,27597,187113,1466105
2025,9,140579,20040,150988,1241581
2025,10,83292,12441,173481,1281615
2025,11,54634,12346,175814,1279378
2025,12,75840,13456,199963,1459728
2026,1,71323,10199,151689,1104418
2026,2,58284,10927,163637,1178786
2026,3,76058,13155,206867,1388654
2026,4,89113,16791,223384,1386531
2026,5,101312,18562,255157,1488150
2026,6,98327,16866,222226,1382248
2026,7,73410,17569,217480,1363697
2026,8,86186,20103,216324,1380744
