"year","make","model","trim","side","curb_weight_lbs","status","source_url","source_tier","source_quote","notes"
2013,"Lincoln","MKZ","Base","ice",3719,"exact","https://xr793.com/wp-content/uploads/2016/10/2013-Lincoln-Motor-Company-Briefing-Book.pdf","OEM","Curb weight FWD: 3,719 lbs; AWD: 3,874 lbs. [2.0-liter EcoBoost I-4 column]","2013 MKZ Base FWD 2.0 EcoBoost 6A sedan. Briefing book p.31–33: first column is 2.0 EcoBoost, second is 3.7 V6 (FWD 3,829 / AWD 4,002). Used FWD 2.0T figure only. Car and Driver 4dr Sdn FWD also 3719."
2013,"Lincoln","MKZ","Hybrid","hev",3828,"exact","https://xr793.com/wp-content/uploads/2016/10/2013-Lincoln-Motor-Company-Briefing-Book.pdf","OEM","Curb weight 3,828 lbs. [2013 Lincoln MKZ Hybrid Technical Specifications]","2013 MKZ Hybrid FWD 2.0 Atkinson eCVT sedan; Hybrid was FWD-only. Lincoln Motor Company briefing book p.36 (same PDF at Ford/SDSU archive). Car and Driver also lists Base Curb Weight 3828. 3,829 in the book is 3.7 V6 FWD ICE, not the hybrid."
2013,"Mercedes-Benz","E-Class","E400 Hybrid","hev",4189,"exact","http://www.mbusa.com/vcm/MB/DigitalAssets/pdfmb/brochures/2013-E-Class-Sedan-Wagon.pdf","OEM","Curb weight 3,825 lbs (RWD) 3,979 lbs (4matic) 4,059 lbs (E350 BlueTEC) 4,189 lbs (E400 HYBRID)","2013 W212 pre-facelift E400 HYBRID Sport sedan; RWD only. Same 4189 lb figure appears on later secondary listings."
2014,"Audi","Q5","3.0T Prestige quattro","ice",,"unresolved","https://cdn.dealereprocess.org/cdn/brochures/audi/2014-q5.pdf","OEM","Curb weight (lb) 4,079 NA 4,475 NA [columns Q5 2.0T | Q5 3.0T | Q5 TDI | Q5 hybrid]","2014 US Q5 brochure prints NA for 3.0T. 2013 Audi media kit listed 3.0T at 4345 lb; 2015-2016 brochures list 4354 lb. Secondary tables disagree (4354 vs 4409); the 4409 page mixes SQ5 354-hp specs. Not carried across years."
2014,"Lincoln","MKZ","Hybrid","hev",3828,"exact","https://www.caranddriver.com/lincoln/mkz/specs/2014/lincoln_mkz_lincoln-mkz-hybrid_2014","secondary","Base Curb Weight (pounds) 3828","2014 MKZ Hybrid FWD 2.0 Atkinson eCVT sedan; single hybrid configuration. AP fact sheet (Washington Examiner, 28 May 2014) also prints CURB WEIGHT: 3,828 pounds. 2013 OEM book is 3828 but was not used as a year crosswalk. 2014 consumer brochure has no curb weight."
2014,"Mercedes-Benz","E-Class","E350 Sport","ice",4012,"shared_configuration","https://www.mbusa.com/vcm/MB/DigitalAssets/pdfmb/brochures/2014-E-Class-Sedan-Wagon.pdf","OEM","Curb weight E 250 BlueTEC 4,200 lbs; E 250 BlueTEC 4matic 4,409 lbs; E 350 4,012 lbs; E 350 4matic 4,211 lbs; E 400 HYBRID 4,266 lbs","MY2014 brochure lists one RWD E350 sedan weight covering Sport and Luxury. Early MY2014 press technical data (20 May 2013) still printed E350 Sedan 3825 lb, the 2013 pre-facelift figure; brochure 4012 used for the facelifted 2014 Sport."
2015,"Audi","Q5","3.0T Prestige quattro","ice",4354,"shared_configuration","https://cdn.dealereprocess.org/cdn/brochures/audi/2015-q5.pdf","OEM","Curb weight (lb) 4,090 4,354 4,475 4,431 [columns Q5 2.0T | Q5 3.0T | Q5 TDI | Q5 hybrid]","2015 US brochure gives one 3.0T Supercharged quattro curb weight; Prestige vs Premium Plus not separately listed. Adaptive damping is Prestige-available only. Some secondary Prestige tables list 4365 lb."
2015,"INFINITI","Q50","Hybrid Premium","hev",4085,"exact","https://usa.infinitinews.com/en-US/releases/us-2015-infiniti-q50-press-kit","OEM","CURB WEIGHTS (lbs) Q50 Hybrid Premium AWD ... Front Rear Total 2,235 1,850 4,085","2015 Q50 Hybrid Premium AWD (3.5L hybrid 7A). Official US press-kit total for this drivetrain/trim."
2015,"INFINITI","Q50","Hybrid Premium","hev",3913,"exact","https://usa.infinitinews.com/en-US/releases/us-2015-infiniti-q50-press-kit","OEM","CURB WEIGHTS (lbs) Q50 Hybrid Premium RWD ... Front Rear Total 2,090 1,823 3,913","2015 Q50 Hybrid Premium RWD (3.5L hybrid 7A). Official US press-kit total for this drivetrain/trim."
2015,"INFINITI","Q50","Hybrid Sport","hev",4145,"exact","https://usa.infinitinews.com/en-US/releases/us-2015-infiniti-q50-press-kit","OEM","CURB WEIGHTS (lbs) Q50S Hybrid AWD ... Front Rear Total 2,262 1,883 4,145","2015 Q50 Hybrid Sport AWD maps to Infiniti Q50S Hybrid AWD (19-in wheels, sport brakes/suspension). Official US press-kit total."
2015,"INFINITI","Q50","Hybrid Sport","hev",3973,"exact","https://usa.infinitinews.com/en-US/releases/us-2015-infiniti-q50-press-kit","OEM","CURB WEIGHTS (lbs) Q50S Hybrid RWD ... Front Rear Total 2,119 1,854 3,973","2015 Q50 Hybrid Sport RWD maps to Infiniti Q50S Hybrid RWD. Official US press-kit total."
2015,"INFINITI","Q50","Premium","ice",3787,"exact","https://usa.infinitinews.com/en-US/releases/us-2015-infiniti-q50-press-kit","OEM","CURB WEIGHTS (lbs) Q50 3.7 Premium AWD ... Front Rear Total 2,145 1,642 3,787","2015 Q50 Premium AWD (3.7L V6 7A). Official US press-kit total for this drivetrain/trim."
2015,"INFINITI","Q50","Premium","ice",3611,"exact","https://usa.infinitinews.com/en-US/releases/us-2015-infiniti-q50-press-kit","OEM","CURB WEIGHTS (lbs) Q50 3.7 Premium RWD ... Front Rear Total 1,997 1,614 3,611","2015 Q50 Premium RWD (3.7L V6 7A). Official US press-kit total for this drivetrain/trim."
2015,"INFINITI","Q50","Sport","ice",3849,"exact","https://usa.infinitinews.com/en-US/releases/us-2015-infiniti-q50-press-kit","OEM","CURB WEIGHTS (lbs) Q50S 3.7 AWD ... Front Rear Total 2,174 1,675 3,849","2015 Q50 Sport AWD maps to Infiniti Q50S 3.7 AWD. Official US press-kit total."
2015,"INFINITI","Q50","Sport","ice",3675,"exact","https://usa.infinitinews.com/en-US/releases/us-2015-infiniti-q50-press-kit","OEM","CURB WEIGHTS (lbs) Q50S 3.7 RWD ... Front Rear Total 2,026 1,649 3,675","2015 Q50 Sport RWD maps to Infiniti Q50S 3.7 RWD. Official US press-kit total."
2015,"INFINITI","QX60","Base","ice",4523,"exact","https://usa.infinitinews.com/en-US/releases/us-2015-infiniti-qx60-press-kit","OEM","Curb weight (lbs.) Front Rear Total ... QX60 3.5 AWD 2,536.0 1,987.4 4,523.4","Nearest-pound rounding of OEM 4,523.4 for QX60 3.5 AWD. 2015 US brochure lists 4,524."
2015,"INFINITI","QX60","Base","ice",4384,"exact","https://usa.infinitinews.com/en-US/releases/us-2015-infiniti-qx60-press-kit","OEM","Curb weight (lbs.) Front Rear Total ... QX60 3.5 2,483.0 1,901.0 4,384.1","Nearest-pound rounding of OEM 4,384.1 for QX60 3.5 FWD. 2015 US brochure lists 4,385."
2015,"INFINITI","QX60","Hybrid","hev",4678,"exact","https://usa.infinitinews.com/en-US/releases/release-cb0bf5368ed14611bbd099e4f08c8219-us-2015-infiniti-qx60-hybrid-press-kit","OEM","Curb weight (lbs.) Front Rear Total ... QX60 Hybrid AWD 2,587.1 2,090.4 4,677.5","Nearest-pound rounding of OEM 4,677.5. 2015 US brochure lists 4,678. Secondary listings of 4,625 conflict and were not used."
2015,"INFINITI","QX60","Hybrid","hev",4538,"exact","https://usa.infinitinews.com/en-US/releases/release-cb0bf5368ed14611bbd099e4f08c8219-us-2015-infiniti-qx60-hybrid-press-kit","OEM","Curb weight (lbs.) Front Rear Total ... QX60 Hybrid 2,534.2 2,004.0 4,538.2","Nearest-pound rounding of OEM 4,538.2. 2015 US brochure lists 4,539. Secondary listings of 4,485 conflict and were not used."
2015,"Mercedes-Benz","E-Class","E400 Sport Hybrid","hev",4255,"exact","https://www.mbusa.com/vcm/MB/DigitalAssets/pdfmb/brochures/15_E_Class_SW_010515.pdf","OEM","Curb weight (RWD/4MATIC) BlueTEC: 4,167 / 4,365 lbs; E 350: 4,001 / 4,211 lbs; HYBRID: 4,255 / — lbs; E 400: 4,112 / 4,277 lbs","2015 brochure lists the hybrid sedan as RWD-only at 4255 lb. media.mbusa.com MY2015 sedan specs table is misaligned and shows 4189, the 2013 hybrid figure; 2014 brochure had listed the hybrid at 4266 lb."
2015,"Toyota","Highlander","Limited Platinum","ice",4508,"shared_configuration","http://cdn.dealereprocess.com/cdn/brochures/toyota/ca/2015-highlander.pdf","OEM","Curb Weight kg (lb) 2045 (4508) [Limited AWD column]","2015 Toyota Highlander Limited Platinum 4dr SUV AWD; 3.5L V6 6A; 270 hp; 7-passenger. Opened Toyota Canada 2015 Highlander brochure: Limited AWD is 2,045 kg (4,508 lb). Platinum is a Limited equipment package (panoramic roof / driver tech / heated 2nd row) and is not a separate curb-weight column. Toyota US pressroom product-info PDF is linked but the S3 file returned Access Denied. US KBB Limited Platinum AWD and jbcarpages Limited Platinum AWD also list 4,508 lb."
2016,"Audi","Q5","3.0T Prestige quattro","ice",4354,"shared_configuration","https://cdn.dealereprocess.org/cdn/brochures/audi/2016-q5.pdf","OEM","Curb weight (lb) 4,090 4,354 4,475 4,431 4,420 [columns Q5 2.0T | Q5 3.0T | Q5 TDI | Q5 hybrid | SQ5]","2016 US brochure gives one 3.0T Supercharged quattro curb weight; Prestige vs Premium Plus not separately listed. Some secondary Prestige tables list 4387 lb."
2016,"INFINITI","Q70","Base","ice",3867,"exact","https://usa.infinitinews.com/en-US/releases/release-a022d53d3da442b4a624fc061574caf5-us-2016-infiniti-q70-press-kit","OEM","Curb weight (lbs.) Front Rear Total 2,087 1,780 3,867","2016 Q70 3.7 RWD standard wheelbase (not Q70L). Official US press-kit total for Q70 3.7 RWD."
2016,"INFINITI","Q70","Hybrid","hev",4134,"exact","https://usa.infinitinews.com/en-US/releases/release-cbd559c8dd71494bac9f3c54b8b93f6f-us-2016-infiniti-q70-hybrid-press-kit","OEM","Curb weight (lbs.) Front Rear Total 2,123 2,001 4,134","2016 Q70 Hybrid is RWD-only standard-wheelbase sedan. Car and Driver lists 4,129; used OEM 4,134."
2016,"Nissan","Murano","Platinum","hev",4189,"exact","https://usa.nissannews.com/en-US/releases/us-2016-nissan-murano-press-kit","OEM","Weights AWD/FWD SL/Plt ... Total 4,145 4,189 4,021 4,063","2016 Murano Platinum HEV AWD. Official hybrid spec table: AWD Platinum total 4,189."
2016,"Nissan","Murano","Platinum","hev",4063,"exact","https://usa.nissannews.com/en-US/releases/us-2016-nissan-murano-press-kit","OEM","Weights AWD/FWD SL/Plt ... Total 4,145 4,189 4,021 4,063","2016 Murano Platinum HEV FWD. Official hybrid spec table: FWD Platinum total 4,063."
2016,"Nissan","Murano","SL","hev",4145,"exact","https://usa.nissannews.com/en-US/releases/us-2016-nissan-murano-press-kit","OEM","Weights AWD/FWD SL/Plt ... Total 4,145 4,189 4,021 4,063","2016 Murano SL HEV AWD. Official hybrid spec table: AWD SL total 4,145."
2016,"Nissan","Murano","SL","hev",4021,"exact","https://usa.nissannews.com/en-US/releases/us-2016-nissan-murano-press-kit","OEM","Weights AWD/FWD SL/Plt ... Total 4,145 4,189 4,021 4,063","2016 Murano SL HEV FWD. Official hybrid spec table: FWD SL total 4,021. Car and Driver lists 4,015; used OEM."
2016,"Subaru","Crosstrek","2.0i Limited PZEV","ice",3208,"exact","https://www.subaru.ca/Print/Specifications.aspx?CarIds=922%2C925%2C927%2C928%2C930%2C931&GroupID=5&WebSiteID=282&t=1505520170002","OEM","Curb weight: Automatic transmission (kg) 1,455 [Crosstrek Limited Package]","2016 Subaru Crosstrek 2.0i Limited PZEV 4dr SUV AWD; 2.0L H4 CVT. Opened Subaru Canada printable spec table: Limited Package automatic curb weight 1,455 kg = 3,208 lb. US KBB 2.0i Limited page lists Curb Weight 3208 lbs. and Engine 4-Cyl, PZEV, 2.0 Liter (https://www.kbb.com/subaru/crosstrek/2016/20i-limited-sport-utility-4d/). cars101 notes Limited CVT option range 3,208–3,241 lb; 3,208 used as base."
2016,"Subaru","Crosstrek","Hybrid","hev",3451,"exact","https://www.caranddriver.com/subaru/crosstrek/specs/2016/subaru_crosstrek_subaru-crosstrek-hybrid_2016","secondary","Base Curb Weight (pounds) 3451","2016 Subaru Crosstrek Hybrid 5-door AWD; 2.0L H4 gas/electric CVT; 160 hp combined. Opened C&D spec page in full. KBB Hybrid Sport Utility 4D page lists Curb Weight 3451 lbs. This is the cloth Hybrid, not Hybrid Touring (3,495 lb). Subaru Canada OEM table lists Hybrid CVT at 1,595 kg (about 3,516 lb) — Canadian figure not used for this US record."
2017,"Ford","Fusion","Platinum","ice",3526,"exact","https://cars.usnews.com/cars-trucks/ford/fusion/2017/specs/fusion-platinum-fwd-382975","secondary","Base Curb Weight (lbs.) 3526","2017 Fusion Platinum FWD 2.0L EcoBoost. Opened U.S. News Platinum FWD spec page."
2017,"Ford","Fusion","Titanium","ice",3526,"exact","https://cars.usnews.com/cars-trucks/ford/fusion/2017/specs/fusion-titanium-fwd-382971","secondary","Base Curb Weight (lbs.) 3526","2017 Fusion Titanium FWD 2.0L EcoBoost. Opened U.S. News Titanium FWD spec page; same 3526 lb as Platinum FWD on the same mechanical configuration (2.0T FWD sedan)."
2017,"Lincoln","MKZ","Black Label","ice",3739,"shared_configuration","https://www.caranddriver.com/lincoln/mkz/specs/2017/lincoln_mkz_lincoln-mkz_2017","secondary","Base Curb Weight (pounds) 3739 [2017 MKZ Black Label FWD; Engine 2.0 L/122 I-4; Drivetrain Front-Wheel Drive]","2017 MKZ Black Label FWD 2.0T 6A sedan (inventory 245 hp). KBB lists 3739 for Premiere/Select/Reserve 2.0T FWD. Equipment-only trims share the 2.0T FWD figure. KBB Black Label Sedan column is 3.0T 400 hp with 3739 (engine/weight mismatch); inventory Black Label is 2.0T. C&D page lists 240 hp; inventory/Lincoln 2017 rating is 245. media.lincoln.com 2017 Tech Specs PDF timed out/redirected and was not opened."
2017,"Lincoln","MKZ","Hybrid Black Label","hev",3871,"shared_configuration","https://www.kbb.com/lincoln/mkz/2017/specs/","secondary","Curb Weight 3,871 pounds [Select/Premiere/Reserve/Black Label Hybrid Sedan 4D; all FWD]","2017 MKZ Hybrid Black Label FWD 2.0 Atkinson eCVT sedan. Premiere/Select/Reserve/Black Label are equipment groups on one hybrid FWD configuration; KBB lists 3871 for all four. Car and Driver Hybrid Black Label FWD also Base Curb Weight 3871. AP as-tested Hybrid Reserve fact sheet lists 3,792 pounds for a $49,375 press car; not used. Lincoln 2017 consumer brochure has no curb weight."
2017,"Lincoln","MKZ","Hybrid Premiere","hev",3871,"shared_configuration","https://www.kbb.com/lincoln/mkz/2017/specs/","secondary","Curb Weight 3,871 pounds [Select/Premiere/Reserve/Black Label Hybrid Sedan 4D; all FWD]","2017 MKZ Hybrid Premiere FWD 2.0 Atkinson eCVT sedan. Premiere/Select/Reserve/Black Label are equipment groups on one hybrid FWD configuration; KBB lists 3871 for all four. Car and Driver Hybrid Black Label FWD also Base Curb Weight 3871. AP as-tested Hybrid Reserve fact sheet lists 3,792 pounds for a $49,375 press car; not used. Lincoln 2017 consumer brochure has no curb weight."
2017,"Lincoln","MKZ","Hybrid Reserve","hev",3871,"shared_configuration","https://www.kbb.com/lincoln/mkz/2017/specs/","secondary","Curb Weight 3,871 pounds [Select/Premiere/Reserve/Black Label Hybrid Sedan 4D; all FWD]","2017 MKZ Hybrid Reserve FWD 2.0 Atkinson eCVT sedan. Premiere/Select/Reserve/Black Label are equipment groups on one hybrid FWD configuration; KBB lists 3871 for all four. Car and Driver Hybrid Black Label FWD also Base Curb Weight 3871. AP as-tested Hybrid Reserve fact sheet lists 3,792 pounds for a $49,375 press car; not used. Lincoln 2017 consumer brochure has no curb weight."
2017,"Lincoln","MKZ","Hybrid Select","hev",3871,"shared_configuration","https://www.kbb.com/lincoln/mkz/2017/specs/","secondary","Curb Weight 3,871 pounds [Select/Premiere/Reserve/Black Label Hybrid Sedan 4D; all FWD]","2017 MKZ Hybrid Select FWD 2.0 Atkinson eCVT sedan. Premiere/Select/Reserve/Black Label are equipment groups on one hybrid FWD configuration; KBB lists 3871 for all four. Car and Driver Hybrid Black Label FWD also Base Curb Weight 3871. AP as-tested Hybrid Reserve fact sheet lists 3,792 pounds for a $49,375 press car; not used. Lincoln 2017 consumer brochure has no curb weight."
2017,"Lincoln","MKZ","Premiere","ice",3739,"shared_configuration","https://www.caranddriver.com/lincoln/mkz/specs/2017/lincoln_mkz_lincoln-mkz_2017","secondary","Base Curb Weight (pounds) 3739 [2017 MKZ Black Label FWD; Engine 2.0 L/122 I-4; Drivetrain Front-Wheel Drive]","2017 MKZ Premiere FWD 2.0T 6A sedan (inventory 245 hp). KBB lists 3739 for Premiere/Select/Reserve 2.0T FWD. Equipment-only trims share the 2.0T FWD figure. KBB Black Label Sedan column is 3.0T 400 hp with 3739 (engine/weight mismatch); inventory Black Label is 2.0T. C&D page lists 240 hp; inventory/Lincoln 2017 rating is 245. media.lincoln.com 2017 Tech Specs PDF timed out/redirected and was not opened."
2017,"Lincoln","MKZ","Reserve","ice",3739,"shared_configuration","https://www.caranddriver.com/lincoln/mkz/specs/2017/lincoln_mkz_lincoln-mkz_2017","secondary","Base Curb Weight (pounds) 3739 [2017 MKZ Black Label FWD; Engine 2.0 L/122 I-4; Drivetrain Front-Wheel Drive]","2017 MKZ Reserve FWD 2.0T 6A sedan (inventory 245 hp). KBB lists 3739 for Premiere/Select/Reserve 2.0T FWD. Equipment-only trims share the 2.0T FWD figure. KBB Black Label Sedan column is 3.0T 400 hp with 3739 (engine/weight mismatch); inventory Black Label is 2.0T. C&D page lists 240 hp; inventory/Lincoln 2017 rating is 245. media.lincoln.com 2017 Tech Specs PDF timed out/redirected and was not opened."
2017,"Lincoln","MKZ","Select","ice",3739,"shared_configuration","https://www.caranddriver.com/lincoln/mkz/specs/2017/lincoln_mkz_lincoln-mkz_2017","secondary","Base Curb Weight (pounds) 3739 [2017 MKZ Black Label FWD; Engine 2.0 L/122 I-4; Drivetrain Front-Wheel Drive]","2017 MKZ Select FWD 2.0T 6A sedan (inventory 245 hp). KBB lists 3739 for Premiere/Select/Reserve 2.0T FWD. Equipment-only trims share the 2.0T FWD figure. KBB Black Label Sedan column is 3.0T 400 hp with 3739 (engine/weight mismatch); inventory Black Label is 2.0T. C&D page lists 240 hp; inventory/Lincoln 2017 rating is 245. media.lincoln.com 2017 Tech Specs PDF timed out/redirected and was not opened."
2018,"Chevrolet","Malibu","Hybrid","hev",3366,"exact","https://www.caranddriver.com/chevrolet/malibu/specs/2018/chevrolet_malibu_chevrolet-malibu-hybrid_2018","secondary","Base Curb Weight (pounds) 3366","2018 Chevrolet Malibu Hybrid 4dr sedan; 1.8L hybrid two-motor drive unit; FWD. Opened C&D spec page in full. KBB 2018 Malibu comparison page also lists Hybrid curb weight 3,366 pounds. Official 2018 Malibu dealer brochure (cdn.dealereprocess.org) has no curb-weight table. IIHS roof-test 3,117 lb is a 2016 Malibu 1LT gasoline test car, not this hybrid."
2018,"Chevrolet","Malibu","LT","ice",3152,"exact","https://www.kbb.com/chevrolet/malibu/2018/specs/","secondary","Curb Weight 3,152 pounds [Malibu LT Sedan 4D]","2018 Chevrolet Malibu LT 4dr sedan; 1.5L turbo I4 6A; FWD. Opened KBB comparison page in full. U.S. News 2018 Malibu 4dr Sdn LT w/1LT page also lists Base Curb Weight (lbs.) 3152 (https://cars.usnews.com/cars-trucks/chevrolet/malibu/2018/specs/malibu-1lt-390994). Official 2018 Malibu dealer brochure has no curb weight. Minority aggregators list LT near 3,126 lb; C&D as-tested optioned 1.5T was 3,185 lb — those are not used."
2018,"Ford","Fusion","Platinum","ice",3526,"exact","https://cars.usnews.com/cars-trucks/ford/fusion/2018/specs/fusion-platinum-fwd-392054","secondary","Base Curb Weight (lbs.) 3526","2018 Fusion Platinum FWD 2.0L EcoBoost. Opened U.S. News Platinum FWD spec page."
2018,"Ford","Fusion","Titanium","ice",3526,"exact","https://cars.usnews.com/cars-trucks/ford/fusion/2018/specs/fusion-titanium-fwd-392053","secondary","Base Curb Weight (lbs.) 3526","2018 Fusion Titanium FWD 2.0L EcoBoost. Opened U.S. News Titanium FWD spec page; same 3526 lb as 2018 Platinum FWD."
2018,"Lincoln","MKZ","Black Label","ice",3739,"shared_configuration","https://www.caranddriver.com/lincoln/mkz/specs/2018/lincoln_mkz_lincoln-mkz_2018","secondary","Base Curb Weight (pounds) 3739 [2018 MKZ Premiere FWD; Engine Turbocharged 2.0L I-4; 245 @ 5500]","2018 MKZ Black Label FWD 2.0T 6A sedan (inventory 245 hp). KBB lists 3739 for Premiere/Select/Reserve 2.0T FWD. Equipment-only trims share the 2.0T FWD figure. KBB Black Label Sedan column is 3.0T 400 hp with 3739 (engine/weight mismatch); inventory Black Label is 2.0T."
2018,"Lincoln","MKZ","Hybrid Black Label","hev",3871,"shared_configuration","https://www.kbb.com/lincoln/mkz/2018/specs/","secondary","Curb Weight 3,871 pounds [Premiere/Select/Reserve/Black Label Hybrid Sedan 4D; all FWD]","2018 MKZ Hybrid Black Label FWD 2.0 Atkinson eCVT sedan. Same hybrid FWD configuration across equipment trims; KBB lists 3871 for all four. Car and Driver Hybrid Premiere FWD also Base Curb Weight 3871. 2018 consumer brochure has no curb weight."
2018,"Lincoln","MKZ","Hybrid Premiere","hev",3871,"shared_configuration","https://www.kbb.com/lincoln/mkz/2018/specs/","secondary","Curb Weight 3,871 pounds [Premiere/Select/Reserve/Black Label Hybrid Sedan 4D; all FWD]","2018 MKZ Hybrid Premiere FWD 2.0 Atkinson eCVT sedan. Same hybrid FWD configuration across equipment trims; KBB lists 3871 for all four. Car and Driver Hybrid Premiere FWD also Base Curb Weight 3871. 2018 consumer brochure has no curb weight."
2018,"Lincoln","MKZ","Hybrid Reserve","hev",3871,"shared_configuration","https://www.kbb.com/lincoln/mkz/2018/specs/","secondary","Curb Weight 3,871 pounds [Premiere/Select/Reserve/Black Label Hybrid Sedan 4D; all FWD]","2018 MKZ Hybrid Reserve FWD 2.0 Atkinson eCVT sedan. Same hybrid FWD configuration across equipment trims; KBB lists 3871 for all four. Car and Driver Hybrid Premiere FWD also Base Curb Weight 3871. 2018 consumer brochure has no curb weight."
2018,"Lincoln","MKZ","Hybrid Select","hev",3871,"shared_configuration","https://www.kbb.com/lincoln/mkz/2018/specs/","secondary","Curb Weight 3,871 pounds [Premiere/Select/Reserve/Black Label Hybrid Sedan 4D; all FWD]","2018 MKZ Hybrid Select FWD 2.0 Atkinson eCVT sedan. Same hybrid FWD configuration across equipment trims; KBB lists 3871 for all four. Car and Driver Hybrid Premiere FWD also Base Curb Weight 3871. 2018 consumer brochure has no curb weight."
2018,"Lincoln","MKZ","Premiere","ice",3739,"shared_configuration","https://www.caranddriver.com/lincoln/mkz/specs/2018/lincoln_mkz_lincoln-mkz_2018","secondary","Base Curb Weight (pounds) 3739 [2018 MKZ Premiere FWD; Engine Turbocharged 2.0L I-4; 245 @ 5500]","2018 MKZ Premiere FWD 2.0T 6A sedan (inventory 245 hp). KBB lists 3739 for Premiere/Select/Reserve 2.0T FWD. Equipment-only trims share the 2.0T FWD figure. KBB Black Label Sedan column is 3.0T 400 hp with 3739 (engine/weight mismatch); inventory Black Label is 2.0T."
2018,"Lincoln","MKZ","Reserve","ice",3739,"shared_configuration","https://www.caranddriver.com/lincoln/mkz/specs/2018/lincoln_mkz_lincoln-mkz_2018","secondary","Base Curb Weight (pounds) 3739 [2018 MKZ Premiere FWD; Engine Turbocharged 2.0L I-4; 245 @ 5500]","2018 MKZ Reserve FWD 2.0T 6A sedan (inventory 245 hp). KBB lists 3739 for Premiere/Select/Reserve 2.0T FWD. Equipment-only trims share the 2.0T FWD figure. KBB Black Label Sedan column is 3.0T 400 hp with 3739 (engine/weight mismatch); inventory Black Label is 2.0T."
2018,"Lincoln","MKZ","Select","ice",3739,"shared_configuration","https://www.caranddriver.com/lincoln/mkz/specs/2018/lincoln_mkz_lincoln-mkz_2018","secondary","Base Curb Weight (pounds) 3739 [2018 MKZ Premiere FWD; Engine Turbocharged 2.0L I-4; 245 @ 5500]","2018 MKZ Select FWD 2.0T 6A sedan (inventory 245 hp). KBB lists 3739 for Premiere/Select/Reserve 2.0T FWD. Equipment-only trims share the 2.0T FWD figure. KBB Black Label Sedan column is 3.0T 400 hp with 3739 (engine/weight mismatch); inventory Black Label is 2.0T."
2019,"Ford","Fusion","SE","ice",,"unresolved","","none","","2019 Fusion SE FWD 1.5L EcoBoost. Did not open a 2019 SE FWD spec page in this pass. Secondary listings for 2019/2020 1.5T FWD cluster near 3470 lb but were not used as final evidence."
2019,"Ford","Fusion","SEL","ice",,"unresolved","","none","","2019 Fusion SEL FWD 1.5L EcoBoost. Same 2019 1.5T FWD gap as 401757614; no opened SEL FWD page."
2019,"Ford","Fusion","Titanium","ice",,"unresolved","","none","","2019 Fusion Titanium FWD 2.0L EcoBoost. 2017-2018 Titanium FWD is 3526 lb; later-year secondary listings shift to ~3676 lb. Year-specific page not opened; not propagated."
2020,"Ford","Fusion","SE","ice",,"unresolved","","none","","2020 Fusion SE FWD 1.5L EcoBoost. No opened 2020 SE FWD page."
2020,"Ford","Fusion","SEL","ice",,"unresolved","","none","","2020 Fusion SEL FWD 1.5L EcoBoost. No opened 2020 SEL FWD page."
2020,"Ford","Fusion","Titanium","ice",,"unresolved","","none","","2020 Fusion Titanium FWD 2.0L EcoBoost. No opened 2020 Titanium FWD page; 2017-2018 3526 lb not propagated because later-year listings diverge."
2020,"Honda","Accord","Base","hev",3342,"exact","https://hondanews.com/en-US/honda-automobiles/releases/release-9966c01b392f59faacdd98d1520077cb-2020-accord-hybrid-specifications-features","OEM","Curb Weight (6MT/CVT/10AT) NA / 3342 lbs / NA [Hybrid column]","Inventory Base hybrid maps to Honda News Hybrid column (FWD 2.0L eCVT). Honda Information Center mixed ICE/hybrid table lists 3327 lb eCVT for Hybrid; dedicated 2020 Accord Hybrid press kit used here."
2020,"Honda","Accord","EX","hev",3377,"exact","https://hondanews.com/en-US/honda-automobiles/releases/release-9966c01b392f59faacdd98d1520077cb-2020-accord-hybrid-specifications-features","OEM","Curb Weight (6MT/CVT/10AT) NA / 3377 lbs / NA [EX Hybrid column]","Honda Information Center mixed table lists 3373 lb eCVT for EX Hybrid."
2020,"Honda","Accord","EX-L","hev",3400,"exact","https://hondanews.com/en-US/honda-automobiles/releases/release-9966c01b392f59faacdd98d1520077cb-2020-accord-hybrid-specifications-features","OEM","Curb Weight (6MT/CVT/10AT) NA / 3400 lbs / NA [EX-L Hybrid column]","Honda Information Center mixed table lists 3386 lb eCVT for EX-L Hybrid."
2020,"Honda","Accord","Touring","hev",3428,"exact","https://hondanews.com/en-US/honda-automobiles/releases/release-9966c01b392f59faacdd98d1520077cb-2020-accord-hybrid-specifications-features","OEM","Curb Weight (6MT/CVT/10AT) NA / 3428 lbs / NA [Touring Hybrid column]","Honda Information Center mixed table lists 3415 lb eCVT for Touring Hybrid."
2021,"Ford","Escape","SE Hybrid","hev",3668,"exact","https://cars.usnews.com/cars-trucks/ford/escape-hybrid/2021/specs/escape-hybrid-se-hybrid-awd-418497","secondary","Base Curb Weight (lbs.) 3668","2021 Escape SE Hybrid AWD 2.5L HEV. Opened U.S. News/J.D. Power Chrome-style spec page for this exact style. OEM 2021 brochure lists dimensions only, no curb weight."
2021,"Ford","Escape","SEL Hybrid","hev",3668,"shared_configuration","https://cars.usnews.com/cars-trucks/ford/escape-hybrid/2021/specs/escape-hybrid-sel-hybrid-awd-418505","secondary","Base Curb Weight (lbs.) 3668","2021 Escape SEL Hybrid AWD 2.5L HEV. Same year/model/HEV/AWD/body as 401878176. Opened this style page independently; it reports the same 3668 lb base curb weight."
2021,"Ford","Escape","SEL Hybrid","hev",3534,"exact","https://cars.usnews.com/cars-trucks/ford/escape-hybrid/2021/specs/escape-hybrid-sel-hybrid-fwd-418504","secondary","Base Curb Weight (lbs.) 3534","2021 Escape SEL Hybrid FWD 2.5L HEV. Opened U.S. News style page. KBB 2021 trim table lists a generic FWD-hybrid 3550 lb and does not split SEL FWD from SE FWD; not used."
2021,"Ford","Explorer","Platinum Hybrid","hev",,"unresolved","","none","","2021 Explorer Platinum Hybrid AWD 3.3L HEV. Opened 2022/2023 dealer Chrome pages give 5076 lb for Platinum 4WD with standard 3.3L Hybrid, but no 2021 AWD-hybrid page was opened. U.S. News 2021 Explorer Hybrid overview quotes 4969 lb without drivetrain, which matches RWD not AWD. Ambiguous for 2021 AWD."
2022,"Ford","Escape","SE Hybrid","hev",,"unresolved","","none","","2022 Escape SE Hybrid AWD 2.5L HEV. OEM 2022 brochure has no curb weight. Did not open a 2022 AWD-hybrid style page. 2021 AWD HEV is 3668 lb but year must match; not propagated."
2022,"Ford","Escape","SEL Hybrid","hev",,"unresolved","","none","","2022 Escape SEL Hybrid AWD 2.5L HEV. Same gap as 401915236: no opened 2022 AWD-hybrid source with a single curb weight."
2022,"Ford","Escape","SEL Hybrid","hev",3534,"exact","https://www.caranddriver.com/ford/escape-hybrid/specs/2022/ford_escape-hybrid_ford-escape-hybrid_2022","secondary","Base Curb Weight (pounds) 3534","2022 Escape SEL Hybrid FWD 2.5L HEV. Opened Car and Driver Chrome spec page titled SEL Hybrid FWD. Matches the 2021 SEL Hybrid FWD value but is taken from the 2022 page."
2022,"Ford","Explorer","Platinum Hybrid","hev",5076,"exact","https://www.rich-ford.com/models/2022/Ford/Explorer/Platinum_4WD/","secondary","Base Curb Weight – 5076 lbs","2022 Explorer Platinum Hybrid AWD 3.3L. Opened dealer model-research page: standard equipment is Engine: 3.3L Hybrid / Automatic Full-Time Four-Wheel Drive; technical specifications list Base Curb Weight 5076 lbs. 3.0L EcoBoost is an optional equipment group, not the listed base weight."
2022,"Ford","Explorer","Platinum Hybrid","hev",4969,"exact","https://www.columbineford.com/models/2022/Ford/Explorer/Platinum_RWD/","secondary","Base Curb Weight – 4969 lbs","2022 Explorer Platinum Hybrid RWD 3.3L. Opened dealer page: standard Engine: 3.3L Hybrid; Drivetrain Rear Wheel Drive; Base Curb Weight 4969 lbs."
2022,"Hyundai","Tucson","Limited Hybrid","hev",3752,"exact","https://web.archive.org/web/20221016052755/https://www.hyundaiusa.com/us/en/vehicles/tucson-hybrid/compare-specs","OEM","Curb weight (lbs.) 3644.0 3715.0 3752.0","2022 Tucson Limited Hybrid AWD 1.6T. Archived Hyundai USA spec table columns Blue / SEL Convenience / Limited. 2022 US Hybrid was AWD-only; single curb weight per trim. Same Limited 3752 on 2023-03-20 2022-model snapshot."
2023,"Ford","Explorer","Platinum Hybrid","hev",5076,"exact","https://www.billingsford.com/models/2023/Ford/Explorer/Platinum_4WD/","secondary","Base Curb Weight – 5076 lbs","2023 Explorer Platinum Hybrid AWD 3.3L. Opened dealer page: standard Engine: 3.3L Hybrid; Drivetrain Four Wheel Drive; Base Curb Weight 5076 lbs."
2023,"Ford","Explorer","Platinum Hybrid","hev",4969,"exact","https://www.randallreedsplanetford635.com/models/2023/Ford/Explorer/Platinum_RWD/","secondary","Base Curb Weight – 4969 lbs","2023 Explorer Platinum Hybrid RWD 3.3L. Opened dealer page: standard Engine: 3.3L Hybrid; Drivetrain Rear Wheel Drive; Base Curb Weight 4969 lbs."
2023,"Hyundai","Tucson","Limited Hybrid","hev",3794,"exact","https://web.archive.org/web/20230605235352/https://www.hyundaiusa.com/us/en/vehicles/tucson-hybrid/compare-specs","OEM","Curb weight (lbs.) 3648 3765 3794","2023 Tucson Limited Hybrid AWD 1.6T. Archived Hyundai USA 2023 spec table columns Blue / SEL Convenience / Limited. Early 2023 newsroom PDF listed TBD. Some secondary pages still show 3752 (2022 Limited); OEM 2023 Limited is 3794."
2025,"Ford","Escape","Platinum","hev",3684,"exact","https://www.kbb.com/ford/escape/2025/specs/","secondary","Curb Weight 3684 pounds","2025 Escape Platinum Hybrid AWD 2.5L HEV. Opened KBB 2025 comparison table: Platinum Hybrid row is AWD / 4-Cyl Hybrid 2.5 Liter / 3684 pounds. Ford 2025 technical specifications PDF only gives hybrid/PHEV range 3529-3880 lb (approx.), so not used as the value."
2025,"Ford","Escape","Platinum","ice",3574,"exact","https://www.kbb.com/ford/escape/2025/specs/","secondary","Curb Weight 3574 pounds","2025 Escape Platinum ICE AWD 2.0L EcoBoost. KBB table: Platinum gas row is AWD / 4-Cyl EcoBoost Turbo 2.0 Liter / 3574 pounds. Ford 2025 OEM PDF gasoline range is approx. 3273-3505 lb, which does not cover 3574; flagged as a source disagreement but the config-specific KBB figure is recorded rather than a guessed point inside the OEM range."
2025,"Ford","Escape","ST-Line","ice",,"unresolved","","none","","2025 Escape ST-Line ICE FWD 1.5L EcoBoost. KBB 2025 ST-Line row is listed as AWD at 3451 lb, not FWD. OEM gasoline range is 3273-3505 lb. No opened source gives a single FWD 1.5L ST-Line curb weight."
2025,"Ford","Escape","ST-Line Elite","hev",3684,"shared_configuration","https://www.kbb.com/ford/escape/2025/specs/","secondary","Curb Weight 3684 pounds","2025 Escape ST-Line Elite Hybrid AWD 2.5L HEV. Same KBB table lists ST-Line Elite Hybrid as AWD / 2.5L hybrid / 3684 pounds. Equipment-only difference from Platinum Hybrid AWD; source supports one value for that mechanical configuration."
2025,"Ford","Escape","ST-Line Elite","ice",3574,"shared_configuration","https://www.kbb.com/ford/escape/2025/specs/","secondary","Curb Weight 3574 pounds","2025 Escape ST-Line Elite ICE AWD 2.0L EcoBoost. Same KBB table lists ST-Line Elite gas as AWD / 2.0L EcoBoost / 3574 pounds. Shared with Platinum ICE AWD 2.0 (402037245). Same OEM-range discrepancy noted there."
2025,"Hyundai","Elantra","SEL Sport","hev",,"unresolved","https://www.hyundaiusa.com/us/en/vehicles/2025-elantra-hybrid/compare-specs","OEM","Curb weight (lbs.) 2,965 TBD 3,069","2025 Elantra Hybrid SEL Sport FWD 1.6L hybrid. OEM Blue/SEL Sport/Limited columns list 2965 / TBD / 3069. SEL Sport has 17-in wheels vs Blue 16-in and no sunroof vs Limited (headroom 40.6 vs 38.7). Did not share Blue 2965. Secondary 2965 listings appear to copy Blue."
2026,"Ford","Escape","Platinum","hev",,"unresolved","","none","","2026 Escape Platinum Hybrid AWD 2.5L HEV. No opened 2026 OEM spec sheet with a single curb weight. KBB 2026 Platinum Hybrid listing (3550s-3670s across pages) disagrees with the opened 2025 KBB 3684; not propagated across years."
2026,"Ford","Escape","Platinum","ice",,"unresolved","","none","","2026 Escape Platinum ICE AWD 2.0L EcoBoost. No opened 2026 config-specific curb weight. 2025 KBB 3574 not propagated."
2026,"Ford","Escape","ST-Line Elite","hev",,"unresolved","","none","","2026 Escape ST-Line Elite Hybrid AWD 2.5L HEV. Same 2026 gap as 402072416; no opened year-specific single value."
2026,"Ford","Escape","ST-Line Elite","ice",,"unresolved","","none","","2026 Escape ST-Line Elite ICE AWD 2.0L EcoBoost. Same 2026 ICE AWD gap as 402072418."
2026,"Hyundai","Elantra","SEL Sport","hev",,"unresolved","https://www.hyundaiusa.com/us/en/vehicles/elantra-hybrid/compare-specs","OEM","Curb weight (lbs.) 2,965 TBD 3,069","2026 Elantra Hybrid SEL Sport FWD 1.6L hybrid. OEM still lists SEL Sport curb weight as TBD between Blue 2965 and Limited 3069. Same wheel/sunroof differences as 2025. Not shared."
2026,"Hyundai","Palisade","Hybrid Calligraphy","hev",4938,"exact","https://www.hyundaiusa.com/us/en/vehicles/2026-palisade-hybrid/compare-specs","OEM","Curb weight (lbs.) AWD 7-passenger Not Available Not Available 4795 4795 4938 4938","2026 Palisade Hybrid Calligraphy AWD 2.5T hybrid. OEM seating is 7-passenger only (last column: 21-in wheels, length 199.4). April 2025 newsroom PDF still TBD; live Hyundai USA table used. KBB lists 5016 for some AWD hybrids; not used."
2026,"Hyundai","Palisade","Hybrid Calligraphy","hev",4795,"exact","https://www.hyundaiusa.com/us/en/vehicles/2026-palisade-hybrid/compare-specs","OEM","Curb weight (lbs.) FWD 7-passenger Not Available Not Available 4652 4652 4795 4795","2026 Palisade Hybrid Calligraphy FWD. OEM 7-passenger-only FWD weight in Calligraphy column. Inventory did not specify seating; Calligraphy has no 8-passenger listing."
2026,"Hyundai","Palisade","Hybrid Limited","hev",4938,"exact","https://www.hyundaiusa.com/us/en/vehicles/2026-palisade-hybrid/compare-specs","OEM","Curb weight (lbs.) AWD 7-passenger Not Available Not Available 4795 4795 4938 4938","2026 Palisade Hybrid Limited AWD. OEM Limited is 7-passenger only (20-in wheels); same AWD 7-passenger weight as Calligraphy. KBB 5016 not used."
2026,"Hyundai","Palisade","Hybrid Limited","hev",4795,"exact","https://www.hyundaiusa.com/us/en/vehicles/2026-palisade-hybrid/compare-specs","OEM","Curb weight (lbs.) FWD 7-passenger Not Available Not Available 4652 4652 4795 4795","2026 Palisade Hybrid Limited FWD. OEM 7-passenger-only FWD weight in Limited column."
2026,"Hyundai","Palisade","Hybrid SEL","hev",4795,"exact","https://www.hyundaiusa.com/us/en/vehicles/2026-palisade-hybrid/compare-specs","OEM","Curb weight (lbs.) AWD 7-passenger Not Available Not Available 4795 4795 4938 4938","2026 Palisade Hybrid SEL AWD with 7-passenger seating. OEM SEL column (3rd of 6: 7 available 8, 18-in wheels) lists AWD 7-passenger 4795. Same number as SEL 8-passenger AWD; not inferred."
2026,"Hyundai","Palisade","Hybrid SEL","hev",4795,"exact","https://www.hyundaiusa.com/us/en/vehicles/2026-palisade-hybrid/compare-specs","OEM","Curb weight (lbs.) AWD 8-passenger 4795 4795 4795 4795 N/A N/A","2026 Palisade Hybrid SEL AWD with 8-passenger seating. OEM SEL column AWD 8-passenger 4795."
2026,"Hyundai","Palisade","Hybrid SEL Premium","hev",4795,"exact","https://www.hyundaiusa.com/us/en/vehicles/2026-palisade-hybrid/compare-specs","OEM","Curb weight (lbs.) AWD 7-passenger Not Available Not Available 4795 4795 4938 4938","2026 Palisade Hybrid SEL Premium AWD 7-passenger. OEM SEL Premium column (4th of 6) AWD 7-passenger 4795."
2026,"Hyundai","Palisade","Hybrid SEL Premium","hev",4795,"exact","https://www.hyundaiusa.com/us/en/vehicles/2026-palisade-hybrid/compare-specs","OEM","Curb weight (lbs.) AWD 8-passenger 4795 4795 4795 4795 N/A N/A","2026 Palisade Hybrid SEL Premium AWD 8-passenger. OEM SEL Premium column AWD 8-passenger 4795."
2026,"Hyundai","Tucson","Hybrid Limited","hev",3920,"exact","https://www.hyundaiusa.com/us/en/vehicles/tucson-hybrid/compare-specs","OEM","Curb weight (lbs.) 3,593 / 3,719 3,647 / 3,773 3,665 / 3,790 3,794 / 3,920","2026 Tucson Hybrid Limited AWD 1.6T. OEM columns SE / SEL / SEL Convenience / Limited as FWD/AWD pairs. Limited is AWD-only (FWD EPA N/A); used AWD figure 3920."
2026,"Hyundai","Tucson","Hybrid SEL","hev",3773,"exact","https://www.hyundaiusa.com/us/en/vehicles/tucson-hybrid/compare-specs","OEM","Curb weight (lbs.) 3,593 / 3,719 3,647 / 3,773 3,665 / 3,790 3,794 / 3,920","2026 Tucson Hybrid SEL AWD 1.6T (not SEL Convenience). OEM SEL column FWD/AWD 3647/3773; used AWD 3773. SEL Convenience AWD is 3790."
2026,"Hyundai","Tucson","Limited","ice",3800,"exact","https://www.hyundaiusa.com/us/en/vehicles/tucson/compare-specs","OEM","Curb weight (lbs., FWD/AWD) 3,429 / 3,572 3,494 / 3,638 3,494 / 3,638 3,526 / 3,713 3,533 / 3,676 3,657 / 3,800","2026 Tucson Limited ICE AWD 2.5L 8A. OEM columns SE / SEL / SEL Plus / XRT / SEL Premium / Limited; Limited AWD 3800."
2026,"Hyundai","Tucson","SEL","ice",3638,"exact","https://www.hyundaiusa.com/us/en/vehicles/tucson/compare-specs","OEM","Curb weight (lbs., FWD/AWD) 3,429 / 3,572 3,494 / 3,638 3,494 / 3,638 3,526 / 3,713 3,533 / 3,676 3,657 / 3,800","2026 Tucson SEL ICE AWD 2.5L 8A. OEM SEL column FWD/AWD 3494/3638; used AWD 3638. SEL Plus AWD is also 3638; XRT AWD is 3713."
