"year","make","model","trim_hyb","trim_ice","drive_type","reason"
2014,"Subaru","Crosstrek","Hybrid","Limited","all wheel drive","leather vs cloth"
2015,"Subaru","Crosstrek","Hybrid","2.0i Limited PZEV","all wheel drive","leather vs cloth"
2015,"Volkswagen","Touareg","V6 Hybrid","V6 Executive","all wheel drive","driver assist"
2016,"Subaru","Crosstrek","Hybrid","2.0i Limited PZEV","all wheel drive","leather vs cloth"
2017,"Honda","Accord","EX-L","EX-L","front wheel drive","driver assist"
2018,"Toyota","RAV4","SE","SE","all wheel drive","driver assist"
2019,"Honda","Civic","EX","EX","front wheel drive","sunroof or moonroof"
2019,"Kia","Optima","EX","EX","front wheel drive","driver assist"
2019,"Lincoln","MKZ","Hybrid","Base","front wheel drive","driver assist"
2020,"Honda","Civic","EX","EX","front wheel drive","sunroof or moonroof"
2020,"Hyundai","Sonata","Limited","Limited","front wheel drive","driver assist; sunroof or moonroof"
2021,"Honda","Civic","EX","EX","front wheel drive","sunroof or moonroof"
2021,"Kia","Sorento","EX","EX","front wheel drive","sunroof or moonroof"
2022,"Hyundai","Sonata","Limited","Limited","front wheel drive","driver assist; sunroof or moonroof"
2023,"Kia","Sportage","SX-Prestige","SX-Prestige","all wheel drive","driver assist"
2024,"Hyundai","Elantra","Limited","Limited","front wheel drive","driver assist"
2024,"Kia","Sportage","SX-Prestige","SX-Prestige","all wheel drive","driver assist"
2025,"Honda","Civic","Sport Hybrid","Sport","front wheel drive","sunroof or moonroof"
2025,"Honda","Civic","Sport Hybrid","Sport","front wheel drive","sunroof or moonroof"
2025,"Hyundai","Elantra","SEL Sport","SEL Sport","front wheel drive","navigation"
2025,"Kia","Sportage","SX-Prestige","SX-Prestige","all wheel drive","driver assist"
2025,"Lexus","LX","700h F SPORT Handling","600 F SPORT Handling","four wheel drive","driver assist"
2025,"Lexus","LX","700h Luxury","600 Luxury","four wheel drive","driver assist"
2025,"Subaru","Forester","Premium Hybrid","Premium","all wheel drive","driver assist; navigation"
2025,"Subaru","Forester","Sport Hybrid","Sport","all wheel drive","driver assist; navigation"
2026,"Honda","Civic","Sport Hybrid","Sport","front wheel drive","sunroof or moonroof"
2026,"Honda","Civic","Sport Hybrid","Sport","front wheel drive","sunroof or moonroof"
2026,"Hyundai","Elantra","SEL Sport","SEL Sport","front wheel drive","navigation"
2026,"Kia","Sportage","SX-Prestige","SX-Prestige","all wheel drive","driver assist"
2026,"Lexus","LX","700h F SPORT Handling","600 F SPORT Handling","four wheel drive","driver assist"
2026,"Lexus","LX","700h Luxury","600 Luxury","four wheel drive","driver assist"
2026,"Subaru","Crosstrek","Limited Hybrid","Limited","all wheel drive","navigation"
2026,"Subaru","Forester","Premium Hybrid","Premium","all wheel drive","driver assist; navigation"
2026,"Subaru","Forester","Sport Hybrid","Sport","all wheel drive","driver assist; navigation"
