"pair_id","year","make","model","trim","drive_type","side","option_price","option_code","option_name","source_url","source_quote"
51,2025,"Ford","Escape","ST-Line","front wheel drive","ice",345,"51U","Mini spare wheel (51U)","https://www.cargurus.com/Cars/2025-Ford-Escape-Trims-c33570 | https://www.myvendorlink.com/external/vfile?d=vrf&ft=o&i=246&s=166764&sv=0&v=37090","| 51U | Mini Spare Wheel | $345 | | Mini Spare Wheel – Steel ... $ 343.00 0.50% $ 345.00"
52,2025,"Ford","Escape","ST-Line Elite","all wheel drive","ice",345,"51U","Mini spare wheel (51U)","https://www.cargurus.com/Cars/2025-Ford-Escape-Trims-c33570 | https://www.myvendorlink.com/external/vfile?d=vrf&ft=o&i=246&s=166764&sv=0&v=37090","| 51U | Mini Spare Wheel | $345 | | Mini Spare Wheel – Steel ... $ 343.00 0.50% $ 345.00"
53,2025,"Ford","Escape","ST-Line Select","all wheel drive","ice",345,"51U","Mini spare wheel (51U)","https://www.cargurus.com/Cars/2025-Ford-Escape-Trims-c33570 | https://www.myvendorlink.com/external/vfile?d=vrf&ft=o&i=246&s=166764&sv=0&v=37090","| 51U | Mini Spare Wheel | $345 | | Mini Spare Wheel – Steel ... $ 343.00 0.50% $ 345.00"
54,2026,"Ford","Escape","Platinum","all wheel drive","ice",345,"51U","Mini spare wheel (51U)","https://www.cargurus.com/Cars/2025-Ford-Escape-Trims-c33570 | https://www.myvendorlink.com/external/vfile?d=vrf&ft=o&i=246&s=166764&sv=0&v=37090","| 51U | Mini Spare Wheel | $345 | | Mini Spare Wheel – Steel ... $ 343.00 0.50% $ 345.00"
55,2026,"Ford","Escape","ST-Line Select","all wheel drive","ice",345,"51U","Mini spare wheel (51U)","https://www.cargurus.com/Cars/2025-Ford-Escape-Trims-c33570 | https://www.myvendorlink.com/external/vfile?d=vrf&ft=o&i=246&s=166764&sv=0&v=37090","| 51U | Mini Spare Wheel | $345 | | Mini Spare Wheel – Steel ... $ 343.00 0.50% $ 345.00"
56,2026,"Ford","Escape","ST-Line Elite","all wheel drive","ice",345,"51U","Mini spare wheel (51U)","https://www.cargurus.com/Cars/2025-Ford-Escape-Trims-c33570 | https://www.myvendorlink.com/external/vfile?d=vrf&ft=o&i=246&s=166764&sv=0&v=37090","| 51U | Mini Spare Wheel | $345 | | Mini Spare Wheel – Steel ... $ 343.00 0.50% $ 345.00"
57,2020,"Ford","Explorer","Limited Hybrid","rear wheel drive","ice",595,"64U","20-inch hand-polished aluminum wheels (64U)","https://fallonfordtoyotafleet.com/pdf/fleet/5.4%202021%20EXPLORER/2021%20EXPLORER%20PRICE%20LIST.pdf | https://www.cargurus.com/Cars/2020-Ford-Explorer-Trims-c28421","Limited 64U 20 in Hand Polished Aluminum Wheels 559 595 | 64U | Wheels: 20"" 10-Spoke Aluminum | $595 [2020]"
58,2020,"Ford","Explorer","Limited Hybrid","all wheel drive","ice",595,"64U","20-inch hand-polished aluminum wheels (64U)","https://fallonfordtoyotafleet.com/pdf/fleet/5.4%202021%20EXPLORER/2021%20EXPLORER%20PRICE%20LIST.pdf | https://www.cargurus.com/Cars/2020-Ford-Explorer-Trims-c28421","Limited 64U 20 in Hand Polished Aluminum Wheels 559 595 | 64U | Wheels: 20"" 10-Spoke Aluminum | $595 [2020]"
59,2021,"Ford","Explorer","Limited Hybrid","rear wheel drive","ice",995,"301A","Limited Convenience Package (Equipment Group 301A)","https://fallonfordtoyotafleet.com/pdf/fleet/5.4%202021%20EXPLORER/2021%20EXPLORER%20PRICE%20LIST.pdf | https://www.carsdirect.com/ford/explorer/2022 | https://www.carsdirect.com/ford/explorer/2023","Limited 301A Equipment Group 301A 935 995 [2021] | The Limited Convenience Package (also known as the 301A Equipment Group) is available for $700 [2022] | The $840 301A Equipment Group [2023]"
59,2021,"Ford","Explorer","Limited Hybrid","rear wheel drive","ice",595,"64U","20-inch hand-polished aluminum wheels (64U)","https://fallonfordtoyotafleet.com/pdf/fleet/5.4%202021%20EXPLORER/2021%20EXPLORER%20PRICE%20LIST.pdf | https://www.cargurus.com/Cars/2020-Ford-Explorer-Trims-c28421","Limited 64U 20 in Hand Polished Aluminum Wheels 559 595 | 64U | Wheels: 20"" 10-Spoke Aluminum | $595 [2020]"
60,2021,"Ford","Explorer","Limited Hybrid","all wheel drive","ice",995,"301A","Limited Convenience Package (Equipment Group 301A)","https://fallonfordtoyotafleet.com/pdf/fleet/5.4%202021%20EXPLORER/2021%20EXPLORER%20PRICE%20LIST.pdf | https://www.carsdirect.com/ford/explorer/2022 | https://www.carsdirect.com/ford/explorer/2023","Limited 301A Equipment Group 301A 935 995 [2021] | The Limited Convenience Package (also known as the 301A Equipment Group) is available for $700 [2022] | The $840 301A Equipment Group [2023]"
60,2021,"Ford","Explorer","Limited Hybrid","all wheel drive","ice",595,"64U","20-inch hand-polished aluminum wheels (64U)","https://fallonfordtoyotafleet.com/pdf/fleet/5.4%202021%20EXPLORER/2021%20EXPLORER%20PRICE%20LIST.pdf | https://www.cargurus.com/Cars/2020-Ford-Explorer-Trims-c28421","Limited 64U 20 in Hand Polished Aluminum Wheels 559 595 | 64U | Wheels: 20"" 10-Spoke Aluminum | $595 [2020]"
62,2022,"Ford","Explorer","Limited Hybrid","rear wheel drive","ice",700,"301A","Limited Convenience Package (Equipment Group 301A)","https://fallonfordtoyotafleet.com/pdf/fleet/5.4%202021%20EXPLORER/2021%20EXPLORER%20PRICE%20LIST.pdf | https://www.carsdirect.com/ford/explorer/2022 | https://www.carsdirect.com/ford/explorer/2023","Limited 301A Equipment Group 301A 935 995 [2021] | The Limited Convenience Package (also known as the 301A Equipment Group) is available for $700 [2022] | The $840 301A Equipment Group [2023]"
62,2022,"Ford","Explorer","Limited Hybrid","rear wheel drive","ice",595,"64U","20-inch hand-polished aluminum wheels (64U)","https://fallonfordtoyotafleet.com/pdf/fleet/5.4%202021%20EXPLORER/2021%20EXPLORER%20PRICE%20LIST.pdf | https://www.cargurus.com/Cars/2020-Ford-Explorer-Trims-c28421","Limited 64U 20 in Hand Polished Aluminum Wheels 559 595 | 64U | Wheels: 20"" 10-Spoke Aluminum | $595 [2020]"
63,2022,"Ford","Explorer","Limited Hybrid","all wheel drive","ice",700,"301A","Limited Convenience Package (Equipment Group 301A)","https://fallonfordtoyotafleet.com/pdf/fleet/5.4%202021%20EXPLORER/2021%20EXPLORER%20PRICE%20LIST.pdf | https://www.carsdirect.com/ford/explorer/2022 | https://www.carsdirect.com/ford/explorer/2023","Limited 301A Equipment Group 301A 935 995 [2021] | The Limited Convenience Package (also known as the 301A Equipment Group) is available for $700 [2022] | The $840 301A Equipment Group [2023]"
63,2022,"Ford","Explorer","Limited Hybrid","all wheel drive","ice",595,"64U","20-inch hand-polished aluminum wheels (64U)","https://fallonfordtoyotafleet.com/pdf/fleet/5.4%202021%20EXPLORER/2021%20EXPLORER%20PRICE%20LIST.pdf | https://www.cargurus.com/Cars/2020-Ford-Explorer-Trims-c28421","Limited 64U 20 in Hand Polished Aluminum Wheels 559 595 | 64U | Wheels: 20"" 10-Spoke Aluminum | $595 [2020]"
66,2023,"Ford","Explorer","Limited Hybrid","rear wheel drive","ice",840,"301A","Limited Convenience Package (Equipment Group 301A)","https://fallonfordtoyotafleet.com/pdf/fleet/5.4%202021%20EXPLORER/2021%20EXPLORER%20PRICE%20LIST.pdf | https://www.carsdirect.com/ford/explorer/2022 | https://www.carsdirect.com/ford/explorer/2023","Limited 301A Equipment Group 301A 935 995 [2021] | The Limited Convenience Package (also known as the 301A Equipment Group) is available for $700 [2022] | The $840 301A Equipment Group [2023]"
67,2023,"Ford","Explorer","Limited Hybrid","all wheel drive","ice",840,"301A","Limited Convenience Package (Equipment Group 301A)","https://fallonfordtoyotafleet.com/pdf/fleet/5.4%202021%20EXPLORER/2021%20EXPLORER%20PRICE%20LIST.pdf | https://www.carsdirect.com/ford/explorer/2022 | https://www.carsdirect.com/ford/explorer/2023","Limited 301A Equipment Group 301A 935 995 [2021] | The Limited Convenience Package (also known as the 301A Equipment Group) is available for $700 [2022] | The $840 301A Equipment Group [2023]"
114,2019,"Ford","Fusion","SEL","front wheel drive","ice",655,"","Ford Co-Pilot360 Assist (adaptive cruise and navigation)","https://www.carsdirect.com/ford/fusion/2019 | https://www.asburyauto.com/2020-ford-fusion-se","The Ford Co-Pilot360 Assist Package ... on the SE it adds only adaptive cruise control and navigation ... for a price of $655 ... (still $655) [SEL] | Ford Co-Pilot360 Assist | $655 [2020 SE]"
116,2019,"Ford","Fusion","SE","front wheel drive","ice",655,"","Ford Co-Pilot360 Assist (adaptive cruise and navigation)","https://www.carsdirect.com/ford/fusion/2019 | https://www.asburyauto.com/2020-ford-fusion-se","The Ford Co-Pilot360 Assist Package ... on the SE it adds only adaptive cruise control and navigation ... for a price of $655 ... (still $655) [SEL] | Ford Co-Pilot360 Assist | $655 [2020 SE]"
117,2020,"Ford","Fusion","SE","front wheel drive","ice",655,"","Ford Co-Pilot360 Assist (adaptive cruise and navigation)","https://www.carsdirect.com/ford/fusion/2019 | https://www.asburyauto.com/2020-ford-fusion-se","The Ford Co-Pilot360 Assist Package ... on the SE it adds only adaptive cruise control and navigation ... for a price of $655 ... (still $655) [SEL] | Ford Co-Pilot360 Assist | $655 [2020 SE]"
118,2020,"Ford","Fusion","SEL","front wheel drive","ice",655,"","Ford Co-Pilot360 Assist (adaptive cruise and navigation)","https://www.carsdirect.com/ford/fusion/2019 | https://www.asburyauto.com/2020-ford-fusion-se","The Ford Co-Pilot360 Assist Package ... on the SE it adds only adaptive cruise control and navigation ... for a price of $655 ... (still $655) [SEL] | Ford Co-Pilot360 Assist | $655 [2020 SE]"
238,2014,"INFINITI","Q50","Hybrid Premium","rear wheel drive","ice",1000,"","Leather Seating Package (leather seats, power lumbar)","https://usa.infinitinews.com/en-US/releases/us-2014-infiniti-q50-press-kit","| Leather Seating Package | $1,000 | [2014 press kit; 2015 kit lists the package without a price]"
239,2014,"INFINITI","Q50","Hybrid Premium","all wheel drive","ice",1000,"","Leather Seating Package (leather seats, power lumbar)","https://usa.infinitinews.com/en-US/releases/us-2014-infiniti-q50-press-kit","| Leather Seating Package | $1,000 | [2014 press kit; 2015 kit lists the package without a price]"
242,2015,"INFINITI","Q50","Hybrid Premium","rear wheel drive","ice",1000,"","Leather Seating Package (leather seats, power lumbar)","https://usa.infinitinews.com/en-US/releases/us-2014-infiniti-q50-press-kit","| Leather Seating Package | $1,000 | [2014 press kit; 2015 kit lists the package without a price]"
243,2015,"INFINITI","Q50","Hybrid Premium","all wheel drive","ice",1000,"","Leather Seating Package (leather seats, power lumbar)","https://usa.infinitinews.com/en-US/releases/us-2014-infiniti-q50-press-kit","| Leather Seating Package | $1,000 | [2014 press kit; 2015 kit lists the package without a price]"
270,2023,"Kia","Sorento","SX Prestige","all wheel drive","hev",1300,"","Panoramic Sunroof Package","https://www.kiamedia.com/us/en/models/sorento-hev/2023/pricing","Panoramic Sunroof Package - Full-length one touch panoroof with sliding sunshade - LED interior lighting | $1,300.00 | ... | Yes [SX-Prestige]"
286,2026,"Kia","Sportage","X-Line","all wheel drive","ice",1500,"","X-Line Premium Package (panoramic sunroof, smart power liftgate)","https://www.kiamedia.com/us/en/models/sportage/2026/pricing","X-Line Premium Package - Panoramic Sunroof - LED Interior Lighting ... Smart Power Liftgate | $1,500.00"
450,2025,"Subaru","Forester","Limited Hybrid","all wheel drive","ice",1600,"","Limited options package (Harman Kardon audio, navigation, Reverse Automatic Braking)","https://media.subaru.com/pressrelease/2151/subaru-announces-pricing-all-new-2025-subaru-forester | https://media.subaru.com/pressrelease/2360/subaru-announces-pricing-2026-subaru-forester-suv","An options package for the Forester Limited adds a Harman Kardon premium audio ... Navigation ... and Reverse Automatic Braking for $1,600"
452,2026,"Subaru","Forester","Limited Hybrid","all wheel drive","ice",1600,"","Limited options package (Harman Kardon audio, navigation, Reverse Automatic Braking)","https://media.subaru.com/pressrelease/2151/subaru-announces-pricing-all-new-2025-subaru-forester | https://media.subaru.com/pressrelease/2360/subaru-announces-pricing-2026-subaru-forester-suv","An options package for the Forester Limited adds a Harman Kardon premium audio ... Navigation ... and Reverse Automatic Braking for $1,600"
489,2012,"Toyota","Camry","XLE","front wheel drive","hev",915,"SR","Power tilt/slide moonroof (SR)","https://www.cargurus.com/Cars/2014-Toyota-Camry-Hybrid-Trims-c29382","XLE FWD ... SR | Moonroof Package | $915 [2014; the same $915 SR price appears for the 2012 Hybrid XLE]"
490,2013,"Toyota","Camry","XLE","front wheel drive","hev",915,"SR","Power tilt/slide moonroof (SR)","https://www.cargurus.com/Cars/2014-Toyota-Camry-Hybrid-Trims-c29382","XLE FWD ... SR | Moonroof Package | $915 [2014; the same $915 SR price appears for the 2012 Hybrid XLE]"
493,2014,"Toyota","Camry","XLE","front wheel drive","hev",915,"SR","Power tilt/slide moonroof (SR)","https://www.cargurus.com/Cars/2014-Toyota-Camry-Hybrid-Trims-c29382","XLE FWD ... SR | Moonroof Package | $915 [2014; the same $915 SR price appears for the 2012 Hybrid XLE]"
